[
	{"name":"Afghan"},
	{"name":"Argentine"},
	{"name":"Australian"},
	{"name":"Belgian"},
	{"name":"Bolivian"},
	{"name":"Brazilian"},
	{"name":"Cambodian"},
	{"name":"Cameroonian"},
	{"name":"Canadian"},
	{"name":"Chilean"},
	{"name":"Chinese"},
	{"name":"Colombian"},
	{"name":"Costa Rican"},
	{"name":"Cuban"},
	{"name":"Danish"},
	{"name":"Dominican"},
	{"name":"Ecuadorian"},
	{"name":"Egyptian"},
	{"name":"Salvadorian"},
	{"name":"English"},
	{"name":"Estonian"},
	{"name":"Ethiopian"},
	{"name":"Finnish"},
	{"name":"Filipino"},
	{"name":"French"},
	{"name":"German"},
	{"name":"Ghanaian"},
	{"name":"Greek"},
	{"name":"Guatemalan"},
	{"name":"Haitian"},
	{"name":"Honduran"},
	{"name":"Indonesian"},
	{"name":"Iranian"},
	{"name":"Irish"},
	{"name":"Israeli"},
	{"name":"Italian"},
	{"name":"Japanese"},
	{"name":"Jordanian"},
	{"name":"Kenyan"},
	{"name":"Laotian"},
	{"name":"Latvian"},
	{"name":"Lithuanian"},
	{"name":"Malaysian"},
	{"name":"Mexican"},
	{"name":"Moroccan"},
	{"name":"Dutch"},
	{"name":"New Zealander"},
	{"name":"Nicaraguan"},
	{"name":"Norwegian"},
	{"name":"Panamanian"},
	{"name":"Paraguayan"},
	{"name":"Peruvian"},
	{"name":"Polish"},
	{"name":"Portuguese"},
	{"name":"Puerto Rican"},
	{"name":"Romanian"},
	{"name":"Russian"},
	{"name":"Saudi"},
	{"name":"Scottish"},
	{"name":"Korean"},
	{"name":"Spanish"},
	{"name":"Swedish"},
	{"name":"Swiss"},
	{"name":"Taiwanese"},
	{"name":"Tajik"},
	{"name":"Thai"},
	{"name":"Turkish"},
	{"name":"Ukrainian"},
	{"name":"British"},
	{"name":"American"},
	{"name":"Uruguayan"},
	{"name":"Venezuelan"},
	{"name":"Vietnamese"},
	{"name":"Welsh"}
]